{"MAE": 5.339748651148148, "MSE": 54.56298728167893, "RMSE": 7.386676335245705, "R2_SCORE": 0.6762541160930462, "ADJUSTED_R2_SCORE": 0.6549550447833782, "MAPE": 0.17150123458421596, "MED_AE": 3.927168315497102}